{
  "method": "PSM-DID",
  "did_results": {
    "did_coefficient": -0.124,
    "p_value": 0.1737,
    "significant": false,
    "r_squared": 0.0721,
    "n_obs": 9937,
    "model_summary": "<bound method RegressionResults.summary of <statsmodels.regression.linear_model.OLSResults object at 0x00000282EE792150>>",
    "policy_year": 2010
  },
  "parallel_trend": {
    "years": [
      "2008",
      "2010",
      "2011",
      "2012",
      "2013",
      "2014",
      "2015",
      "2016",
      "2017",
      "2018",
      "2019"
    ],
    "coefficients": [
      -0.03569921647985357,
      -0.1667572013723452,
      -0.10721057212439976,
      0.0860420926883888,
      0.140522479886886,
      0.09879995262906237,
      0.16589847480229047,
      -0.07969774708996814,
      -0.008641531424825532,
      0.030045669564106897,
      0.03977476740742071
    ],
    "ci_low": [
      -0.3315931929257224,
      -0.34565125176999106,
      -0.2629702911248291,
      -0.05579567761798268,
      0.010349575245383519,
      -0.02004434532176458,
      0.056184648043344304,
      -0.18640541511962075,
      -0.10219940094371342,
      -0.05774531018956133,
      -0.04400823932180992
    ],
    "ci_high": [
      0.26019475996601527,
      0.012136849025300656,
      0.048549146876029584,
      0.2278798629947603,
      0.2706953845283885,
      0.21764425057988931,
      0.2756123015612366,
      0.027009920939684462,
      0.08491633809406236,
      0.11783664931777513,
      0.12355777413665134
    ]
  },
  "llm_interpretation": "**政策效果总结**  \n根据PSM-DID方法的实证分析结果，低碳试点政策对目标变量“hfd5”的影响表现为负向效应，DID系数为-0.124，但该系数在统计上不显著（p=0.1737）。这表明，在控制了个体选择偏差和时间趋势后，低碳试点政策对“hfd5”指标的改善作用未达到统计显著水平。尽管政策实施后存在一定的负向影响，但其实际政策效果尚不明确，需进一步结合其他指标进行综合评估。\n\n**平行趋势评估**  \n本研究通过平行趋势检验验证了政策实施前处理组与对照组在“hfd5”指标上的趋势一致性，结果显示平行趋势假设成立（✅）。这一结论增强了DID模型的可靠性，说明政策干预前两组在趋势上具有可比性，从而保证了后续政策效果估计的合理性。\n\n**政策建议**  \n一是应加强政策执行过程中的动态监测与评估机制，及时发现并调整政策实施中可能存在的问题；二是建议在试点基础上，扩大样本范围，提高政策评估的代表性与适用性；三是应注重政策与其他环境治理措施的协同推进，提升整体政策效能，避免单一政策手段带来的局限性。"
}