{
  "policy_name": "低碳试点政策",
  "method": "PSM-DID",
  "did_results": {
    "did_coefficient": -0.124,
    "p_value": 0.1737,
    "significant": false,
    "r_squared": 0.0721,
    "n_obs": 9937,
    "model_summary": "<bound method RegressionResults.summary of <statsmodels.regression.linear_model.OLSResults object at 0x0000019088622E90>>",
    "policy_year": 2010
  },
  "parallel_trend": {
    "years": [
      "2008",
      "2010",
      "2011",
      "2012",
      "2013",
      "2014",
      "2015",
      "2016",
      "2017",
      "2018",
      "2019"
    ],
    "coefficients": [
      -0.03569921647985357,
      -0.1667572013723452,
      -0.10721057212439976,
      0.0860420926883888,
      0.140522479886886,
      0.09879995262906237,
      0.16589847480229047,
      -0.07969774708996814,
      -0.008641531424825532,
      0.030045669564106897,
      0.03977476740742071
    ],
    "ci_low": [
      -0.3315931929257224,
      -0.34565125176999106,
      -0.2629702911248291,
      -0.05579567761798268,
      0.010349575245383519,
      -0.02004434532176458,
      0.056184648043344304,
      -0.18640541511962075,
      -0.10219940094371342,
      -0.05774531018956133,
      -0.04400823932180992
    ],
    "ci_high": [
      0.26019475996601527,
      0.012136849025300656,
      0.048549146876029584,
      0.2278798629947603,
      0.2706953845283885,
      0.21764425057988931,
      0.2756123015612366,
      0.027009920939684462,
      0.08491633809406236,
      0.11783664931777513,
      0.12355777413665134
    ]
  },
  "llm_interpretation": "**政策效果总结**  \n低碳试点政策在样本期内对目标变量“hfd5”产生了负向影响，DID估计系数为-0.124，表明该政策实施后，试点地区与非试点地区的hfd5水平相比下降了约12.4%。然而，该系数的p值为0.1737，未通过显著性检验，说明政策效果在统计上并不显著。尽管如此，政策对hfd5的影响方向明确，显示出一定的潜在政策效应，但需进一步结合其他指标和机制分析以增强结论的稳健性。整体来看，政策在降低hfd5方面具有一定的政策意图，但实际成效尚未达到显著水平。\n\n**平行趋势评估**  \n根据平行趋势检验结果，政策实施前的处理组与对照组在hfd5上的趋势基本一致，平行趋势假设成立（✅）。这表明DID模型的估计结果具备基础有效性，政策效果的识别具有较好的内生性控制。因此，所得到的政策效应可以作为政策评估的重要依据，但仍需注意政策外溢效应及时间异质性可能带来的影响。\n\n**政策建议**  \n首先，应加强低碳试点政策的宣传与引导，提升企业和公众的环保意识，增强政策执行的主动性与配合度。其次，建议优化政策工具组合，如引入更灵活的激励机制或差异化补贴政策，以提高政策的针对性和实效性。最后，应持续跟踪政策实施效果，建立动态评估机制，及时调整政策内容，确保政策目标的实现。"
}