{
  "policy_name": "某产业政策",
  "method": "PSM-DID",
  "did_results": {
    "did_coefficient": -0.2532,
    "p_value": 0.1169,
    "significant": false,
    "r_squared": 0.0715,
    "n_obs": 9937,
    "model_summary": "<bound method RegressionResults.summary of <statsmodels.regression.linear_model.OLSResults object at 0x0000026770E026D0>>",
    "policy_year": 2009
  },
  "parallel_trend": {
    "years": [
      "2009",
      "2010",
      "2011",
      "2012",
      "2013",
      "2014",
      "2015",
      "2016",
      "2017",
      "2018",
      "2019"
    ],
    "coefficients": [
      -0.08365911987327593,
      -0.1667572013723452,
      -0.10721057212439976,
      0.0860420926883888,
      0.140522479886886,
      0.09879995262906237,
      0.16589847480229047,
      -0.07969774708996814,
      -0.008641531424825532,
      0.030045669564106897,
      0.03977476740742071
    ],
    "ci_low": [
      -0.30669857616573565,
      -0.34565125176999106,
      -0.2629702911248291,
      -0.05579567761798268,
      0.010349575245383519,
      -0.02004434532176458,
      0.056184648043344304,
      -0.18640541511962075,
      -0.10219940094371342,
      -0.05774531018956133,
      -0.04400823932180992
    ],
    "ci_high": [
      0.1393803364191838,
      0.012136849025300656,
      0.048549146876029584,
      0.2278798629947603,
      0.2706953845283885,
      0.21764425057988931,
      0.2756123015612366,
      0.027009920939684462,
      0.08491633809406236,
      0.11783664931777513,
      0.12355777413665134
    ]
  },
  "llm_interpretation": "（此处为 LLM 生成的评估解读，接入真实 API 后将自动生成详细报告。）"
}