{
  "method": "普通DID",
  "did_results": {
    "did_coefficient": -0.0614,
    "p_value": 0.5878,
    "significant": false,
    "r_squared": 0.0728,
    "n_obs": 6589,
    "model_summary": "<bound method RegressionResults.summary of <statsmodels.regression.linear_model.OLSResults object at 0x00000282E6D57BD0>>",
    "policy_year": 2010
  },
  "parallel_trend": {
    "years": [
      "2008",
      "2010",
      "2011",
      "2012",
      "2013",
      "2014",
      "2015",
      "2016",
      "2017",
      "2018",
      "2019"
    ],
    "coefficients": [
      0.021365389253673015,
      -0.0587620885175662,
      -0.022571108261469353,
      0.07902085896444684,
      0.09777341515225377,
      0.07388217584241037,
      0.044103578218390865,
      0.029227851311378214,
      0.016724474025217352,
      -0.00032446969958698445,
      -0.003213685948495521
    ],
    "ci_low": [
      -0.35986198434343475,
      -0.30281156863805636,
      -0.2375212794812652,
      -0.1298176490521633,
      -0.08820454394059418,
      -0.09531416109620473,
      -0.11481106545534611,
      -0.1200183090908596,
      -0.12333494772094461,
      -0.13216226693856584,
      -0.12840817222219159
    ],
    "ci_high": [
      0.4025927628507808,
      0.18528739160292396,
      0.1923790629583265,
      0.287859366981057,
      0.2837513742451017,
      0.2430785127810255,
      0.20301822189212784,
      0.17847401171361604,
      0.1567838957713793,
      0.13151332753939185,
      0.12198080032520053
    ]
  },
  "llm_interpretation": "根据普通双重差分法（DID）的实证分析结果，低碳试点政策对“hfd5”指标的影响未表现出显著统计效应。估计结果显示，政策实施后的处理组与对照组在该指标上的差异为-0.0614，但其P值为0.5878，表明该差异在统计上不显著。尽管政策效果方向为负，即低碳试点政策可能对“hfd5”产生抑制作用，但由于缺乏显著性支持，尚不能得出明确的因果结论。此外，模型的R²值为0.0728，说明模型解释力较弱，需结合其他因素进一步分析。\n\n平行趋势检验结果显示，政策实施前处理组与对照组在“hfd5”指标上的趋势基本一致，平行趋势假设成立。这为DID方法的应用提供了基础保障，增强了政策评估结果的可信度。\n\n基于上述分析，建议如下：一是加强政策执行过程的监测与评估，提升数据收集的全面性和准确性；二是拓展研究范围，探索政策对其他相关指标的潜在影响；三是优化政策设计，增强政策工具的针对性和灵活性，以提高政策实施效果。"
}